Levels	Accounts	Period	Value	Type
Quito	Utilidad_Neta	2022-01-31	85514	Real
Quito	4.1.01 - Ventas	2022-01-31	422133	Real
Quito	5.1.01 - Costo de Ventas	2022-01-31	168360	Real
Quito	5.1.03 - Garantías	2022-01-31	301	Real
Quito	5.1.04 - Costo Retail	2022-01-31	45	Real
Quito	6.1.01.01 - Sueldos y Salarios	2022-01-31	83086	Real
Quito	6.1.01.02 - Comisiones	2022-01-31	108	Real
Quito	6.1.02.01 - Décimo Tercero	2022-01-31	5308	Real
Quito	6.1.02.02 - Horas Extra	2022-01-31	783	Real
Quito	6.1.02.04 - Vacaciones	2022-01-31	3375	Real
Quito	6.1.02.05 - Aporte Patronal	2022-01-31	10759	Real
Quito	6.1.02.06 - Seguro Médico	2022-01-31	1048	Real
Quito	6.1.02.07 - Atenciones al Personal	2022-01-31	158	Real
Quito	6.1.02.08 - Capacitación	2022-01-31	19	Real
Quito	6.1.02.10 - Cesantía	2022-01-31	867	Real
Quito	6.1.03.01 - Publicidad	2022-01-31	30	Real
Quito	6.1.03.04 - Otros Gastos Marketing	2022-01-31	274	Real
Quito	6.1.04.01 - Pasajes	2022-01-31	1807	Real
Quito	6.1.04.02 - Hotel	2022-01-31	2930	Real
Quito	6.1.04.03 - Alimentación	2022-01-31	662	Real
Quito	6.1.04.04 - Viáticos	2022-01-31	196	Real
Quito	6.1.05.01 - Renta de Equipo	2022-01-31	271	Real
Quito	6.1.05.02 - Mantenimiento	2022-01-31	1205	Real
Quito	6.1.05.03.01 - Telefonía Fija	2022-01-31	512	Real
Quito	Legal	2022-01-31	13	Real
Quito	6.1.05.05 - Suministros de Oficina	2022-01-31	10016	Real
Quito	6.1.07.01 - Comisión Tarjetas de Crédito	2022-01-31	127	Real
Quito	61.07.02 - Honorarios	2022-01-31	200	Real
Quito	6.9.1.01.01 - Energía Eléctrica IN	2022-01-31	10	Real
Quito	6.9.1.02.01 - Agua IN	2022-01-31	9	Real
Quito	6.9.1.03.01 - Internet IN	2022-01-31	12	Real
Quito	6.9.2.01 - Arriendo IN	2022-01-31	1949	Real
Quito	6.9.5.01 - Gastos Adm. General IN	2022-01-31	42180	Real
Quito	Utilidad_Neta	2022-02-28	77799	Real
Quito	4.1.01 - Ventas	2022-02-28	422718	Real
Quito	5.1.01 - Costo de Ventas	2022-02-28	169743	Real
Quito	5.1.03 - Garantías	2022-02-28	321	Real
Quito	5.1.04 - Costo Retail	2022-02-28	48	Real
Quito	6.1.01.01 - Sueldos y Salarios	2022-02-28	88428	Real
Quito	6.1.01.02 - Comisiones	2022-02-28	108	Real
Quito	6.1.02.01 - Décimo Tercero	2022-02-28	5649	Real
Quito	6.1.02.02 - Horas Extra	2022-02-28	783	Real
Quito	6.1.02.04 - Vacaciones	2022-02-28	3375	Real
Quito	6.1.02.05 - Aporte Patronal	2022-02-28	11450	Real
Quito	6.1.02.06 - Seguro Médico	2022-02-28	1115	Real
Quito	6.1.02.07 - Atenciones al Personal	2022-02-28	158	Real
Quito	6.1.02.08 - Capacitación	2022-02-28	19	Real
Quito	6.1.02.10 - Cesantía	2022-02-28	867	Real
Quito	6.1.03.01 - Publicidad	2022-02-28	32	Real
Quito	6.1.03.04 - Otros Gastos Marketing	2022-02-28	0	Real
Quito	6.1.04.01 - Pasajes	2022-02-28	1923	Real
Quito	6.1.04.02 - Hotel	2022-02-28	3118	Real
Quito	6.1.04.03 - Alimentación	2022-02-28	704	Real
Quito	6.1.04.04 - Viáticos	2022-02-28	208	Real
Quito	6.1.05.01 - Renta de Equipo	2022-02-28	288	Real
Quito	6.1.05.02 - Mantenimiento	2022-02-28	1282	Real
Quito	6.1.05.03.01 - Telefonía Fija	2022-02-28	545	Real
Quito	Legal	2022-02-28	14	Real
Quito	6.1.05.05 - Suministros de Oficina	2022-02-28	10660	Real
Quito	6.1.07.01 - Comisión Tarjetas de Crédito	2022-02-28	135	Real
Quito	61.07.02 - Honorarios	2022-02-28	212	Real
Quito	6.9.1.01.01 - Energía Eléctrica IN	2022-02-28	10	Real
Quito	6.9.1.02.01 - Agua IN	2022-02-28	9	Real
Quito	6.9.1.03.01 - Internet IN	2022-02-28	12	Real
Quito	6.9.2.01 - Arriendo IN	2022-02-28	1949	Real
Quito	6.9.5.01 - Gastos Adm. General IN	2022-02-28	41750	Real
Quito	Utilidad_Neta	2022-03-31	79008	Real
Quito	4.1.01 - Ventas	2022-03-31	425746	Real
Quito	5.1.01 - Costo de Ventas	2022-03-31	167966	Real
Quito	5.1.03 - Garantías	2022-03-31	335	Real
Quito	5.1.04 - Costo Retail	2022-03-31	50	Real
Quito	6.1.01.01 - Sueldos y Salarios	2022-03-31	92546	Real
Quito	6.1.01.02 - Comisiones	2022-03-31	108	Real
Quito	6.1.02.01 - Décimo Tercero	2022-03-31	5912	Real
Quito	6.1.02.02 - Horas Extra	2022-03-31	783	Real
Quito	6.1.02.04 - Vacaciones	2022-03-31	3375	Real
Quito	6.1.02.05 - Aporte Patronal	2022-03-31	11984	Real
Quito	6.1.02.06 - Seguro Médico	2022-03-31	1167	Real
Quito	6.1.02.07 - Atenciones al Personal	2022-03-31	158	Real
Quito	6.1.02.08 - Capacitación	2022-03-31	19	Real
Quito	6.1.02.10 - Cesantía	2022-03-31	867	Real
Quito	6.1.03.01 - Publicidad	2022-03-31	34	Real
Quito	6.1.03.04 - Otros Gastos Marketing	2022-03-31	0	Real
Quito	6.1.04.01 - Pasajes	2022-03-31	2013	Real
Quito	6.1.04.02 - Hotel	2022-03-31	3263	Real
Quito	6.1.04.03 - Alimentación	2022-03-31	737	Real
Quito	6.1.04.04 - Viáticos	2022-03-31	218	Real
Quito	6.1.05.01 - Renta de Equipo	2022-03-31	302	Real
Quito	6.1.05.02 - Mantenimiento	2022-03-31	1342	Real
Quito	6.1.05.03.01 - Telefonía Fija	2022-03-31	570	Real
Quito	Legal	2022-03-31	15	Real
Quito	6.1.05.05 - Suministros de Oficina	2022-03-31	11157	Real
Quito	6.1.07.01 - Comisión Tarjetas de Crédito	2022-03-31	141	Real
Quito	61.07.02 - Honorarios	2022-03-31	222	Real
Quito	6.9.1.01.01 - Energía Eléctrica IN	2022-03-31	10	Real
Quito	6.9.1.02.01 - Agua IN	2022-03-31	9	Real
Quito	6.9.1.03.01 - Internet IN	2022-03-31	12	Real
Quito	6.9.2.01 - Arriendo IN	2022-03-31	1949	Real
Quito	6.9.5.01 - Gastos Adm. General IN	2022-03-31	39472	Real
Quito	Utilidad_Neta	2022-04-30	121616	Real
Quito	4.1.01 - Ventas	2022-04-30	478276	Real
Quito	5.1.01 - Costo de Ventas	2022-04-30	168701	Real
Quito	5.1.03 - Garantías	2022-04-30	351	Real
Quito	5.1.04 - Costo Retail	2022-04-30	53	Real
Quito	6.1.01.01 - Sueldos y Salarios	2022-04-30	96820	Real
Quito	6.1.01.02 - Comisiones	2022-04-30	108	Real
Quito	6.1.02.01 - Décimo Tercero	2022-04-30	6185	Real
Quito	6.1.02.02 - Horas Extra	2022-04-30	783	Real
Quito	6.1.02.04 - Vacaciones	2022-04-30	3375	Real
Quito	6.1.02.05 - Aporte Patronal	2022-04-30	12537	Real
Quito	6.1.02.06 - Seguro Médico	2022-04-30	1221	Real
Quito	6.1.02.07 - Atenciones al Personal	2022-04-30	158	Real
Quito	6.1.02.08 - Capacitación	2022-04-30	19	Real
Quito	6.1.02.10 - Cesantía	2022-04-30	867	Real
Quito	6.1.03.01 - Publicidad	2022-04-30	35	Real
Quito	6.1.03.04 - Otros Gastos Marketing	2022-04-30	0	Real
Quito	6.1.04.01 - Pasajes	2022-04-30	2106	Real
Quito	6.1.04.02 - Hotel	2022-04-30	3414	Real
Quito	6.1.04.03 - Alimentación	2022-04-30	771	Real
Quito	6.1.04.04 - Viáticos	2022-04-30	228	Real
Quito	6.1.05.01 - Renta de Equipo	2022-04-30	316	Real
Quito	6.1.05.02 - Mantenimiento	2022-04-30	1404	Real
Quito	6.1.05.03.01 - Telefonía Fija	2022-04-30	597	Real
Quito	Legal	2022-04-30	16	Real
Quito	6.1.05.05 - Suministros de Oficina	2022-04-30	11672	Real
Quito	6.1.07.01 - Comisión Tarjetas de Crédito	2022-04-30	148	Real
Quito	61.07.02 - Honorarios	2022-04-30	233	Real
Quito	6.9.1.01.01 - Energía Eléctrica IN	2022-04-30	10	Real
Quito	6.9.1.02.01 - Agua IN	2022-04-30	9	Real
Quito	6.9.1.03.01 - Internet IN	2022-04-30	12	Real
Quito	6.9.2.01 - Arriendo IN	2022-04-30	1949	Real
Quito	6.9.5.01 - Gastos Adm. General IN	2022-04-30	42563	Real
Quito	Utilidad_Neta	2022-05-31	124857	Real
Quito	4.1.01 - Ventas	2022-05-31	485030	Real
Quito	5.1.01 - Costo de Ventas	2022-05-31	171349	Real
Quito	5.1.03 - Garantías	2022-05-31	336	Real
Quito	5.1.04 - Costo Retail	2022-05-31	50	Real
Quito	6.1.01.01 - Sueldos y Salarios	2022-05-31	94540	Real
Quito	6.1.01.02 - Comisiones	2022-05-31	108	Real
Quito	6.1.02.01 - Décimo Tercero	2022-05-31	7163	Real
Quito	6.1.02.02 - Horas Extra	2022-05-31	783	Real
Quito	6.1.02.04 - Vacaciones	2022-05-31	3375	Real
Quito	6.1.02.05 - Aporte Patronal	2022-05-31	14519	Real
Quito	6.1.02.06 - Seguro Médico	2022-05-31	1578	Real
Quito	6.1.02.07 - Atenciones al Personal	2022-05-31	158	Real
Quito	6.1.02.08 - Capacitación	2022-05-31	19	Real
Quito	6.1.02.10 - Cesantía	2022-05-31	867	Real
Quito	6.1.03.01 - Publicidad	2022-05-31	34	Real
Quito	6.1.03.04 - Otros Gastos Marketing	2022-05-31	0	Real
Quito	6.1.04.01 - Pasajes	2022-05-31	2014	Real
Quito	6.1.04.02 - Hotel	2022-05-31	3265	Real
Quito	6.1.04.03 - Alimentación	2022-05-31	737	Real
Quito	6.1.04.04 - Viáticos	2022-05-31	218	Real
Quito	6.1.05.01 - Renta de Equipo	2022-05-31	302	Real
Quito	6.1.05.02 - Mantenimiento	2022-05-31	1343	Real
Quito	6.1.05.03.01 - Telefonía Fija	2022-05-31	571	Real
Quito	Legal	2022-05-31	15	Real
Quito	6.1.05.05 - Suministros de Oficina	2022-05-31	11162	Real
Quito	6.1.07.01 - Comisión Tarjetas de Crédito	2022-05-31	142	Real
Quito	61.07.02 - Honorarios	2022-05-31	222	Real
Quito	6.9.1.01.01 - Energía Eléctrica IN	2022-05-31	10	Real
Quito	6.9.1.02.01 - Agua IN	2022-05-31	9	Real
Quito	6.9.1.03.01 - Internet IN	2022-05-31	12	Real
Quito	6.9.2.01 - Arriendo IN	2022-05-31	1949	Real
Quito	6.9.5.01 - Gastos Adm. General IN	2022-05-31	43323	Real
Quito	Utilidad_Neta	2022-06-30	143305	Real
Quito	4.1.01 - Ventas	2022-06-30	510144	Real
Quito	5.1.01 - Costo de Ventas	2022-06-30	178880	Real
Quito	5.1.03 - Garantías	2022-06-30	330	Real
Quito	5.1.04 - Costo Retail	2022-06-30	50	Real
Quito	6.1.01.01 - Sueldos y Salarios	2022-06-30	92979	Real
Quito	6.1.01.02 - Comisiones	2022-06-30	108	Real
Quito	6.1.02.01 - Décimo Tercero	2022-06-30	7045	Real
Quito	6.1.02.02 - Horas Extra	2022-06-30	783	Real
Quito	6.1.02.04 - Vacaciones	2022-06-30	3375	Real
Quito	6.1.02.05 - Aporte Patronal	2022-06-30	14279	Real
Quito	6.1.02.06 - Seguro Médico	2022-06-30	1552	Real
Quito	6.1.02.07 - Atenciones al Personal	2022-06-30	158	Real
Quito	6.1.02.08 - Capacitación	2022-06-30	19	Real
Quito	6.1.02.10 - Cesantía	2022-06-30	867	Real
Quito	6.1.03.01 - Publicidad	2022-06-30	33	Real
Quito	6.1.03.04 - Otros Gastos Marketing	2022-06-30	0	Real
Quito	6.1.04.01 - Pasajes	2022-06-30	1981	Real
Quito	6.1.04.02 - Hotel	2022-06-30	3211	Real
Quito	6.1.04.03 - Alimentación	2022-06-30	725	Real
Quito	6.1.04.04 - Viáticos	2022-06-30	215	Real
Quito	6.1.05.01 - Renta de Equipo	2022-06-30	297	Real
Quito	6.1.05.02 - Mantenimiento	2022-06-30	1320	Real
Quito	6.1.05.03.01 - Telefonía Fija	2022-06-30	561	Real
Quito	Legal	2022-06-30	15	Real
Quito	6.1.05.05 - Suministros de Oficina	2022-06-30	10978	Real
Quito	6.1.07.01 - Comisión Tarjetas de Crédito	2022-06-30	139	Real
Quito	61.07.02 - Honorarios	2022-06-30	219	Real
Quito	6.9.1.01.01 - Energía Eléctrica IN	2022-06-30	10	Real
Quito	6.9.1.02.01 - Agua IN	2022-06-30	9	Real
Quito	6.9.1.03.01 - Internet IN	2022-06-30	12	Real
Quito	6.9.2.01 - Arriendo IN	2022-06-30	1949	Real
Quito	6.9.5.01 - Gastos Adm. General IN	2022-06-30	44740	Real
Quito	Utilidad_Neta	2022-07-31	127086	Real
Quito	4.1.01 - Ventas	2022-07-31	476669	Real
Quito	5.1.01 - Costo de Ventas	2022-07-31	170763	Real
Quito	5.1.03 - Garantías	2022-07-31	310	Real
Quito	5.1.04 - Costo Retail	2022-07-31	47	Real
Quito	6.1.01.01 - Sueldos y Salarios	2022-07-31	87455	Real
Quito	6.1.01.02 - Comisiones	2022-07-31	108	Real
Quito	6.1.02.01 - Décimo Tercero	2022-07-31	6626	Real
Quito	6.1.02.02 - Horas Extra	2022-07-31	783	Real
Quito	6.1.02.04 - Vacaciones	2022-07-31	3375	Real
Quito	6.1.02.05 - Aporte Patronal	2022-07-31	13431	Real
Quito	6.1.02.06 - Seguro Médico	2022-07-31	1460	Real
Quito	6.1.02.07 - Atenciones al Personal	2022-07-31	158	Real
Quito	6.1.02.08 - Capacitación	2022-07-31	19	Real
Quito	6.1.02.10 - Cesantía	2022-07-31	867	Real
Quito	6.1.03.01 - Publicidad	2022-07-31	31	Real
Quito	6.1.03.04 - Otros Gastos Marketing	2022-07-31	351	Real
Quito	6.1.04.01 - Pasajes	2022-07-31	1863	Real
Quito	6.1.04.02 - Hotel	2022-07-31	3020	Real
Quito	6.1.04.03 - Alimentación	2022-07-31	682	Real
Quito	6.1.04.04 - Viáticos	2022-07-31	202	Real
Quito	6.1.05.01 - Renta de Equipo	2022-07-31	279	Real
Quito	6.1.05.02 - Mantenimiento	2022-07-31	1242	Real
Quito	6.1.05.03.01 - Telefonía Fija	2022-07-31	528	Real
Quito	Legal	2022-07-31	14	Real
Quito	6.1.05.05 - Suministros de Oficina	2022-07-31	10326	Real
Quito	6.1.07.01 - Comisión Tarjetas de Crédito	2022-07-31	131	Real
Quito	61.07.02 - Honorarios	2022-07-31	206	Real
Quito	6.9.1.01.01 - Energía Eléctrica IN	2022-07-31	10	Real
Quito	6.9.1.02.01 - Agua IN	2022-07-31	9	Real
Quito	6.9.1.03.01 - Internet IN	2022-07-31	12	Real
Quito	6.9.2.01 - Arriendo IN	2022-07-31	1949	Real
Quito	6.9.5.01 - Gastos Adm. General IN	2022-07-31	43325	Real
Quito	Utilidad_Neta	2022-08-31	126277	Real
Quito	4.1.01 - Ventas	2022-08-31	484349	Real
Quito	5.1.01 - Costo de Ventas	2022-08-31	174086	Real
Quito	5.1.03 - Garantías	2022-08-31	324	Real
Quito	5.1.04 - Costo Retail	2022-08-31	49	Real
Quito	6.1.01.01 - Sueldos y Salarios	2022-08-31	91278	Real
Quito	6.1.01.02 - Comisiones	2022-08-31	108	Real
Quito	6.1.02.01 - Décimo Tercero	2022-08-31	6916	Real
Quito	6.1.02.02 - Horas Extra	2022-08-31	783	Real
Quito	6.1.02.04 - Vacaciones	2022-08-31	3375	Real
Quito	6.1.02.05 - Aporte Patronal	2022-08-31	14018	Real
Quito	6.1.02.06 - Seguro Médico	2022-08-31	1524	Real
Quito	6.1.02.07 - Atenciones al Personal	2022-08-31	158	Real
Quito	6.1.02.08 - Capacitación	2022-08-31	19	Real
Quito	6.1.02.10 - Cesantía	2022-08-31	867	Real
Quito	6.1.03.01 - Publicidad	2022-08-31	32	Real
Quito	6.1.03.04 - Otros Gastos Marketing	2022-08-31	0	Real
Quito	6.1.04.01 - Pasajes	2022-08-31	1944	Real
Quito	6.1.04.02 - Hotel	2022-08-31	3152	Real
Quito	6.1.04.03 - Alimentación	2022-08-31	712	Real
Quito	6.1.04.04 - Viáticos	2022-08-31	211	Real
Quito	6.1.05.01 - Renta de Equipo	2022-08-31	292	Real
Quito	6.1.05.02 - Mantenimiento	2022-08-31	1296	Real
Quito	6.1.05.03.01 - Telefonía Fija	2022-08-31	551	Real
Quito	Legal	2022-08-31	14	Real
Quito	6.1.05.05 - Suministros de Oficina	2022-08-31	10777	Real
Quito	6.1.07.01 - Comisión Tarjetas de Crédito	2022-08-31	137	Real
Quito	61.07.02 - Honorarios	2022-08-31	215	Real
Quito	6.9.1.01.01 - Energía Eléctrica IN	2022-08-31	10	Real
Quito	6.9.1.02.01 - Agua IN	2022-08-31	9	Real
Quito	6.9.1.03.01 - Internet IN	2022-08-31	12	Real
Quito	6.9.2.01 - Arriendo IN	2022-08-31	1949	Real
Quito	6.9.5.01 - Gastos Adm. General IN	2022-08-31	43253	Real
Quito	Utilidad_Neta	2022-09-30	133638	Real
Quito	4.1.01 - Ventas	2022-09-30	501220	Real
Quito	5.1.01 - Costo de Ventas	2022-09-30	184753	Real
Quito	5.1.03 - Garantías	2022-09-30	318	Real
Quito	5.1.04 - Costo Retail	2022-09-30	48	Real
Quito	6.1.01.01 - Sueldos y Salarios	2022-09-30	89645	Real
Quito	6.1.01.02 - Comisiones	2022-09-30	108	Real
Quito	6.1.02.01 - Décimo Tercero	2022-09-30	6792	Real
Quito	6.1.02.02 - Horas Extra	2022-09-30	783	Real
Quito	6.1.02.04 - Vacaciones	2022-09-30	3375	Real
Quito	6.1.02.05 - Aporte Patronal	2022-09-30	13767	Real
Quito	6.1.02.06 - Seguro Médico	2022-09-30	1496	Real
Quito	6.1.02.07 - Atenciones al Personal	2022-09-30	158	Real
Quito	6.1.02.08 - Capacitación	2022-09-30	19	Real
Quito	6.1.02.10 - Cesantía	2022-09-30	867	Real
Quito	6.1.03.01 - Publicidad	2022-09-30	32	Real
Quito	6.1.03.04 - Otros Gastos Marketing	2022-09-30	0	Real
Quito	6.1.04.01 - Pasajes	2022-09-30	1909	Real
Quito	6.1.04.02 - Hotel	2022-09-30	3096	Real
Quito	6.1.04.03 - Alimentación	2022-09-30	699	Real
Quito	6.1.04.04 - Viáticos	2022-09-30	207	Real
Quito	6.1.05.01 - Renta de Equipo	2022-09-30	286	Real
Quito	6.1.05.02 - Mantenimiento	2022-09-30	1273	Real
Quito	6.1.05.03.01 - Telefonía Fija	2022-09-30	541	Real
Quito	Legal	2022-09-30	14	Real
Quito	6.1.05.05 - Suministros de Oficina	2022-09-30	10584	Real
Quito	6.1.07.01 - Comisión Tarjetas de Crédito	2022-09-30	134	Real
Quito	61.07.02 - Honorarios	2022-09-30	211	Real
Quito	6.9.1.01.01 - Energía Eléctrica IN	2022-09-30	10	Real
Quito	6.9.1.02.01 - Agua IN	2022-09-30	9	Real
Quito	6.9.1.03.01 - Internet IN	2022-09-30	12	Real
Quito	6.9.2.01 - Arriendo IN	2022-09-30	1949	Real
Quito	6.9.5.01 - Gastos Adm. General IN	2022-09-30	44484	Real
Quito	Utilidad_Neta	2022-10-31	156859	Real
Quito	4.1.01 - Ventas	2022-10-31	533425	Real
Quito	5.1.01 - Costo de Ventas	2022-10-31	192396	Real
Quito	5.1.03 - Garantías	2022-10-31	317	Real
Quito	5.1.04 - Costo Retail	2022-10-31	48	Real
Quito	6.1.01.01 - Sueldos y Salarios	2022-10-31	89417	Real
Quito	6.1.01.02 - Comisiones	2022-10-31	108	Real
Quito	6.1.02.01 - Décimo Tercero	2022-10-31	6775	Real
Quito	6.1.02.02 - Horas Extra	2022-10-31	783	Real
Quito	6.1.02.04 - Vacaciones	2022-10-31	3375	Real
Quito	6.1.02.05 - Aporte Patronal	2022-10-31	13732	Real
Quito	6.1.02.06 - Seguro Médico	2022-10-31	1493	Real
Quito	6.1.02.07 - Atenciones al Personal	2022-10-31	158	Real
Quito	6.1.02.08 - Capacitación	2022-10-31	19	Real
Quito	6.1.02.10 - Cesantía	2022-10-31	867	Real
Quito	6.1.03.01 - Publicidad	2022-10-31	32	Real
Quito	6.1.03.04 - Otros Gastos Marketing	2022-10-31	0	Real
Quito	6.1.04.01 - Pasajes	2022-10-31	1905	Real
Quito	6.1.04.02 - Hotel	2022-10-31	3088	Real
Quito	6.1.04.03 - Alimentación	2022-10-31	697	Real
Quito	6.1.04.04 - Viáticos	2022-10-31	206	Real
Quito	6.1.05.01 - Renta de Equipo	2022-10-31	286	Real
Quito	6.1.05.02 - Mantenimiento	2022-10-31	1270	Real
Quito	6.1.05.03.01 - Telefonía Fija	2022-10-31	540	Real
Quito	Legal	2022-10-31	14	Real
Quito	6.1.05.05 - Suministros de Oficina	2022-10-31	10557	Real
Quito	6.1.07.01 - Comisión Tarjetas de Crédito	2022-10-31	134	Real
Quito	61.07.02 - Honorarios	2022-10-31	210	Real
Quito	6.9.1.01.01 - Energía Eléctrica IN	2022-10-31	8	Real
Quito	6.9.1.02.01 - Agua IN	2022-10-31	8	Real
Quito	6.9.1.03.01 - Internet IN	2022-10-31	11	Real
Quito	6.9.2.01 - Arriendo IN	2022-10-31	1949	Real
Quito	6.9.5.01 - Gastos Adm. General IN	2022-10-31	46163	Real
Quito	Utilidad_Neta	2022-11-30	146970	Real
Quito	4.1.01 - Ventas	2022-11-30	535973	Real
Quito	5.1.01 - Costo de Ventas	2022-11-30	204666	Real
Quito	5.1.03 - Garantías	2022-11-30	316	Real
Quito	5.1.04 - Costo Retail	2022-11-30	47	Real
Quito	6.1.01.01 - Sueldos y Salarios	2022-11-30	89004	Real
Quito	6.1.01.02 - Comisiones	2022-11-30	108	Real
Quito	6.1.02.01 - Décimo Tercero	2022-11-30	6743	Real
Quito	6.1.02.02 - Horas Extra	2022-11-30	783	Real
Quito	6.1.02.04 - Vacaciones	2022-11-30	3375	Real
Quito	6.1.02.05 - Aporte Patronal	2022-11-30	13669	Real
Quito	6.1.02.06 - Seguro Médico	2022-11-30	1486	Real
Quito	6.1.02.07 - Atenciones al Personal	2022-11-30	158	Real
Quito	6.1.02.08 - Capacitación	2022-11-30	19	Real
Quito	6.1.02.10 - Cesantía	2022-11-30	867	Real
Quito	6.1.03.01 - Publicidad	2022-11-30	32	Real
Quito	6.1.03.04 - Otros Gastos Marketing	2022-11-30	0	Real
Quito	6.1.04.01 - Pasajes	2022-11-30	1896	Real
Quito	6.1.04.02 - Hotel	2022-11-30	3074	Real
Quito	6.1.04.03 - Alimentación	2022-11-30	694	Real
Quito	6.1.04.04 - Viáticos	2022-11-30	205	Real
Quito	6.1.05.01 - Renta de Equipo	2022-11-30	284	Real
Quito	6.1.05.02 - Mantenimiento	2022-11-30	1264	Real
Quito	6.1.05.03.01 - Telefonía Fija	2022-11-30	537	Real
Quito	Legal	2022-11-30	14	Real
Quito	6.1.05.05 - Suministros de Oficina	2022-11-30	10509	Real
Quito	6.1.07.01 - Comisión Tarjetas de Crédito	2022-11-30	133	Real
Quito	61.07.02 - Honorarios	2022-11-30	209	Real
Quito	6.9.1.01.01 - Energía Eléctrica IN	2022-11-30	8	Real
Quito	6.9.1.02.01 - Agua IN	2022-11-30	8	Real
Quito	6.9.1.03.01 - Internet IN	2022-11-30	11	Real
Quito	6.9.2.01 - Arriendo IN	2022-11-30	1949	Real
Quito	6.9.5.01 - Gastos Adm. General IN	2022-11-30	46933	Real
Quito	Utilidad_Neta	2022-12-31	194083	Real
Quito	4.1.01 - Ventas	2022-12-31	602873	Real
Quito	5.1.01 - Costo de Ventas	2022-12-31	223025	Real
Quito	5.1.03 - Garantías	2022-12-31	318	Real
Quito	5.1.04 - Costo Retail	2022-12-31	48	Real
Quito	6.1.01.01 - Sueldos y Salarios	2022-12-31	89552	Real
Quito	6.1.01.02 - Comisiones	2022-12-31	108	Real
Quito	6.1.02.01 - Décimo Tercero	2022-12-31	6785	Real
Quito	6.1.02.02 - Horas Extra	2022-12-31	783	Real
Quito	6.1.02.04 - Vacaciones	2022-12-31	3375	Real
Quito	6.1.02.05 - Aporte Patronal	2022-12-31	13753	Real
Quito	6.1.02.06 - Seguro Médico	2022-12-31	1495	Real
Quito	6.1.02.07 - Atenciones al Personal	2022-12-31	158	Real
Quito	6.1.02.08 - Capacitación	2022-12-31	19	Real
Quito	6.1.02.10 - Cesantía	2022-12-31	867	Real
Quito	6.1.03.01 - Publicidad	2022-12-31	32	Real
Quito	6.1.03.04 - Otros Gastos Marketing	2022-12-31	435	Real
Quito	6.1.04.01 - Pasajes	2022-12-31	1908	Real
Quito	6.1.04.02 - Hotel	2022-12-31	3093	Real
Quito	6.1.04.03 - Alimentación	2022-12-31	699	Real
Quito	6.1.04.04 - Viáticos	2022-12-31	207	Real
Quito	6.1.05.01 - Renta de Equipo	2022-12-31	286	Real
Quito	6.1.05.02 - Mantenimiento	2022-12-31	1272	Real
Quito	6.1.05.03.01 - Telefonía Fija	2022-12-31	540	Real
Quito	Legal	2022-12-31	14	Real
Quito	6.1.05.05 - Suministros de Oficina	2022-12-31	10573	Real
Quito	6.1.07.01 - Comisión Tarjetas de Crédito	2022-12-31	134	Real
Quito	61.07.02 - Honorarios	2022-12-31	211	Real
Quito	6.9.1.01.01 - Energía Eléctrica IN	2022-12-31	8	Real
Quito	6.9.1.02.01 - Agua IN	2022-12-31	8	Real
Quito	6.9.1.03.01 - Internet IN	2022-12-31	11	Real
Quito	6.9.2.01 - Arriendo IN	2022-12-31	1949	Real
Quito	6.9.5.01 - Gastos Adm. General IN	2022-12-31	47124	Real
Quito	Utilidad_Neta	2023-01-31	-161015	Real
Quito	4.1.01 - Ventas	2023-01-31	227378	Real
Quito	5.1.01 - Costo de Ventas	2023-01-31	211012	Real
Quito	5.1.03 - Garantías	2023-01-31	0	Real
Quito	5.1.04 - Costo Retail	2023-01-31	0	Real
Quito	6.1.01.01 - Sueldos y Salarios	2023-01-31	129152	Real
Quito	6.1.01.02 - Comisiones	2023-01-31	163	Real
Quito	6.1.02.01 - Décimo Tercero	2023-01-31	9500	Real
Quito	6.1.02.02 - Horas Extra	2023-01-31	1200	Real
Quito	6.1.02.04 - Vacaciones	2023-01-31	4533	Real
Quito	6.1.02.05 - Aporte Patronal	2023-01-31	17867	Real
Quito	6.1.02.06 - Seguro Médico	2023-01-31	1767	Real
Quito	6.1.02.07 - Atenciones al Personal	2023-01-31	223	Real
Quito	6.1.02.08 - Capacitación	2023-01-31	22	Real
Quito	6.1.02.10 - Cesantía	2023-01-31	967	Real
Quito	6.1.03.01 - Publicidad	2023-01-31	33	Real
Quito	6.1.03.04 - Otros Gastos Marketing	2023-01-31	290	Real
Quito	6.1.04.01 - Pasajes	2023-01-31	0	Real
Quito	6.1.04.02 - Hotel	2023-01-31	0	Real
Quito	6.1.04.03 - Alimentación	2023-01-31	0	Real
Quito	6.1.04.04 - Viáticos	2023-01-31	0	Real
Quito	6.1.05.01 - Renta de Equipo	2023-01-31	0	Real
Quito	6.1.05.02 - Mantenimiento	2023-01-31	0	Real
Quito	6.1.05.03.01 - Telefonía Fija	2023-01-31	0	Real
Quito	Legal	2023-01-31	0	Real
Quito	6.1.05.05 - Suministros de Oficina	2023-01-31	10016	Real
Quito	6.1.07.01 - Comisión Tarjetas de Crédito	2023-01-31	0	Real
Quito	61.07.02 - Honorarios	2023-01-31	0	Real
Quito	6.9.1.01.01 - Energía Eléctrica IN	2023-01-31	10	Real
Quito	6.9.1.02.01 - Agua IN	2023-01-31	9	Real
Quito	6.9.1.03.01 - Internet IN	2023-01-31	12	Real
Quito	6.9.2.01 - Arriendo IN	2023-01-31	1617	Real
Quito	6.9.5.01 - Gastos Adm. General IN	2023-01-31	0	Real
Quito	Utilidad_Neta	2023-02-28	-162430	Real
Quito	4.1.01 - Ventas	2023-02-28	228739	Real
Quito	5.1.01 - Costo de Ventas	2023-02-28	213433	Real
Quito	5.1.03 - Garantías	2023-02-28	0	Real
Quito	5.1.04 - Costo Retail	2023-02-28	0	Real
Quito	6.1.01.01 - Sueldos y Salarios	2023-02-28	129152	Real
Quito	6.1.01.02 - Comisiones	2023-02-28	163	Real
Quito	6.1.02.01 - Décimo Tercero	2023-02-28	9500	Real
Quito	6.1.02.02 - Horas Extra	2023-02-28	1200	Real
Quito	6.1.02.04 - Vacaciones	2023-02-28	4533	Real
Quito	6.1.02.05 - Aporte Patronal	2023-02-28	17867	Real
Quito	6.1.02.06 - Seguro Médico	2023-02-28	1767	Real
Quito	6.1.02.07 - Atenciones al Personal	2023-02-28	223	Real
Quito	6.1.02.08 - Capacitación	2023-02-28	22	Real
Quito	6.1.02.10 - Cesantía	2023-02-28	967	Real
Quito	6.1.03.01 - Publicidad	2023-02-28	33	Real
Quito	6.1.03.04 - Otros Gastos Marketing	2023-02-28	0	Real
Quito	6.1.04.01 - Pasajes	2023-02-28	0	Real
Quito	6.1.04.02 - Hotel	2023-02-28	0	Real
Quito	6.1.04.03 - Alimentación	2023-02-28	0	Real
Quito	6.1.04.04 - Viáticos	2023-02-28	0	Real
Quito	6.1.05.01 - Renta de Equipo	2023-02-28	0	Real
Quito	6.1.05.02 - Mantenimiento	2023-02-28	0	Real
Quito	6.1.05.03.01 - Telefonía Fija	2023-02-28	0	Real
Quito	Legal	2023-02-28	0	Real
Quito	6.1.05.05 - Suministros de Oficina	2023-02-28	10660	Real
Quito	6.1.07.01 - Comisión Tarjetas de Crédito	2023-02-28	0	Real
Quito	61.07.02 - Honorarios	2023-02-28	0	Real
Quito	6.9.1.01.01 - Energía Eléctrica IN	2023-02-28	10	Real
Quito	6.9.1.02.01 - Agua IN	2023-02-28	9	Real
Quito	6.9.1.03.01 - Internet IN	2023-02-28	12	Real
Quito	6.9.2.01 - Arriendo IN	2023-02-28	1617	Real
Quito	6.9.5.01 - Gastos Adm. General IN	2023-02-28	0	Real
Quito	Utilidad_Neta	2023-03-31	-162710	Real
Quito	4.1.01 - Ventas	2023-03-31	227515	Real
Quito	5.1.01 - Costo de Ventas	2023-03-31	211993	Real
Quito	5.1.03 - Garantías	2023-03-31	0	Real
Quito	5.1.04 - Costo Retail	2023-03-31	0	Real
Quito	6.1.01.01 - Sueldos y Salarios	2023-03-31	129152	Real
Quito	6.1.01.02 - Comisiones	2023-03-31	163	Real
Quito	6.1.02.01 - Décimo Tercero	2023-03-31	9500	Real
Quito	6.1.02.02 - Horas Extra	2023-03-31	1200	Real
Quito	6.1.02.04 - Vacaciones	2023-03-31	4533	Real
Quito	6.1.02.05 - Aporte Patronal	2023-03-31	17867	Real
Quito	6.1.02.06 - Seguro Médico	2023-03-31	1767	Real
Quito	6.1.02.07 - Atenciones al Personal	2023-03-31	223	Real
Quito	6.1.02.08 - Capacitación	2023-03-31	22	Real
Quito	6.1.02.10 - Cesantía	2023-03-31	967	Real
Quito	6.1.03.01 - Publicidad	2023-03-31	33	Real
Quito	6.1.03.04 - Otros Gastos Marketing	2023-03-31	0	Real
Quito	6.1.04.01 - Pasajes	2023-03-31	0	Real
Quito	6.1.04.02 - Hotel	2023-03-31	0	Real
Quito	6.1.04.03 - Alimentación	2023-03-31	0	Real
Quito	6.1.04.04 - Viáticos	2023-03-31	0	Real
Quito	6.1.05.01 - Renta de Equipo	2023-03-31	0	Real
Quito	6.1.05.02 - Mantenimiento	2023-03-31	0	Real
Quito	6.1.05.03.01 - Telefonía Fija	2023-03-31	0	Real
Quito	Legal	2023-03-31	0	Real
Quito	6.1.05.05 - Suministros de Oficina	2023-03-31	11157	Real
Quito	6.1.07.01 - Comisión Tarjetas de Crédito	2023-03-31	0	Real
Quito	61.07.02 - Honorarios	2023-03-31	0	Real
Quito	6.9.1.01.01 - Energía Eléctrica IN	2023-03-31	10	Real
Quito	6.9.1.02.01 - Agua IN	2023-03-31	9	Real
Quito	6.9.1.03.01 - Internet IN	2023-03-31	12	Real
Quito	6.9.2.01 - Arriendo IN	2023-03-31	1617	Real
Quito	6.9.5.01 - Gastos Adm. General IN	2023-03-31	0	Real
Quito	Utilidad_Neta	2023-01-31	30871	Budget
Quito	4.1.01 - Ventas	2023-01-31	451690	Budget
Quito	5.1.01 - Costo de Ventas	2023-01-31	207846	Budget
Quito	5.1.02 - Costo de Fletes/Logística	2023-01-31	400	Budget
Quito	5.1.03 - Garantías	2023-01-31	73	Budget
Quito	6.1.01.01 - Sueldos y Salarios	2023-01-31	90546	Budget
Quito	6.1.01.02 - Comisiones	2023-01-31	109	Budget
Quito	6.1.01.04 - Gasto Personal LTP	2023-01-31	80	Budget
Quito	6.1.02.01 - Décimo Tercero	2023-01-31	7672	Budget
Quito	6.1.02.02 - Horas Extra	2023-01-31	952	Budget
Quito	6.1.02.04 - Vacaciones	2023-01-31	3836	Budget
Quito	6.1.02.05 - Aporte Patronal	2023-01-31	11186	Budget
Quito	6.1.02.06 - Seguro Médico	2023-01-31	1410	Budget
Quito	6.1.02.07 - Atenciones al Personal	2023-01-31	195	Budget
Quito	6.1.02.10 - Cesantía	2023-01-31	836	Budget
Quito	6.1.02.11 - Gasto Beneficios LTP	2023-01-31	16	Budget
Quito	6.1.02.12 - INSS	2023-01-31	25154	Budget
Quito	6.1.02.13 - FGTS	2023-01-31	7244	Budget
Quito	6.1.03.01 - Publicidad	2023-01-31	0	Budget
Quito	6.1.03.04 - Otros Gastos Marketing	2023-01-31	172	Budget
Quito	6.1.03.05 - Gasto Publicidad LTP	2023-01-31	32	Budget
Quito	6.1.04.01 - Pasajes	2023-01-31	3931	Budget
Quito	6.1.04.02 - Hotel	2023-01-31	4071	Budget
Quito	6.1.04.03 - Alimentación	2023-01-31	1849	Budget
Quito	6.1.04.04 - Viáticos	2023-01-31	1395	Budget
Quito	6.1.04.05 - Otros Gastos Viajes	2023-01-31	50	Budget
Quito	6.1.04.06 - Gastos Viajes LTP	2023-01-31	33	Budget
Quito	610406 Pasajes LINK	2023-01-31	3931	Budget
Quito	6.1.05.01 - Renta de Equipo	2023-01-31	2182	Budget
Quito	6.1.05.02 - Mantenimiento	2023-01-31	14392	Budget
Quito	6.1.05.03.01 - Telefonía Fija	2023-01-31	2057	Budget
Quito	6.1.05.03.03 - Internet	2023-01-31	27	Budget
Quito	6.1.05.03.04 - Comunicaciones LTP	2023-01-31	16	Budget
Quito	Legal	2023-01-31	0	Budget
Quito	6.1.05.06 - Arriendo	2023-01-31	1208	Budget
Quito	6.1.05.07.01 - Luz Derama	2023-01-31	62	Budget
Quito	6.1.05.07.02 - Agua	2023-01-31	33	Budget
Quito	6.1.07.01 - Comisión Tarjetas de Crédito	2023-01-31	786	Budget
Quito	61.07.02 - Honorarios	2023-01-31	107	Budget
Quito	6.1.99.01 - Software en USD	2023-01-31	109	Budget
Quito	6.9.1.01.01 - Energía Eléctrica IN	2023-01-31	62	Budget
Quito	6.9.1.02.01 - Agua IN	2023-01-31	33	Budget
Quito	6.9.1.03.01 - Internet IN	2023-01-31	27	Budget
Quito	6.9.2.01 - Arriendo IN	2023-01-31	1208	Budget
Quito	6.9.5.01 - Gastos Adm. General IN	2023-01-31	25495	Budget
Quito	Utilidad_Neta	2023-02-28	37129	Budget
Quito	4.1.01 - Ventas	2023-02-28	452539	Budget
Quito	5.1.01 - Costo de Ventas	2023-02-28	190053	Budget
Quito	5.1.02 - Costo de Fletes/Logística	2023-02-28	400	Budget
Quito	5.1.03 - Garantías	2023-02-28	73	Budget
Quito	6.1.01.01 - Sueldos y Salarios	2023-02-28	99600	Budget
Quito	6.1.01.02 - Comisiones	2023-02-28	100	Budget
Quito	6.1.01.04 - Gasto Personal LTP	2023-02-28	80	Budget
Quito	6.1.02.01 - Décimo Tercero	2023-02-28	8430	Budget
Quito	6.1.02.02 - Horas Extra	2023-02-28	952	Budget
Quito	6.1.02.04 - Vacaciones	2023-02-28	4215	Budget
Quito	6.1.02.05 - Aporte Patronal	2023-02-28	12291	Budget
Quito	6.1.02.06 - Seguro Médico	2023-02-28	1461	Budget
Quito	6.1.02.07 - Atenciones al Personal	2023-02-28	195	Budget
Quito	6.1.02.10 - Cesantía	2023-02-28	839	Budget
Quito	6.1.02.11 - Gasto Beneficios LTP	2023-02-28	16	Budget
Quito	6.1.02.12 - INSS	2023-02-28	27669	Budget
Quito	6.1.02.13 - FGTS	2023-02-28	7968	Budget
Quito	6.1.03.01 - Publicidad	2023-02-28	0	Budget
Quito	6.1.03.04 - Otros Gastos Marketing	2023-02-28	0	Budget
Quito	6.1.03.05 - Gasto Publicidad LTP	2023-02-28	32	Budget
Quito	6.1.04.01 - Pasajes	2023-02-28	7666	Budget
Quito	6.1.04.02 - Hotel	2023-02-28	9522	Budget
Quito	6.1.04.03 - Alimentación	2023-02-28	3414	Budget
Quito	6.1.04.04 - Viáticos	2023-02-28	2596	Budget
Quito	6.1.04.05 - Otros Gastos Viajes	2023-02-28	505	Budget
Quito	6.1.04.06 - Gastos Viajes LTP	2023-02-28	33	Budget
Quito	610406 Pasajes LINK	2023-02-28	7666	Budget
Quito	6.1.05.01 - Renta de Equipo	2023-02-28	0	Budget
Quito	6.1.05.02 - Mantenimiento	2023-02-28	73	Budget
Quito	6.1.05.03.01 - Telefonía Fija	2023-02-28	127	Budget
Quito	6.1.05.03.03 - Internet	2023-02-28	27	Budget
Quito	6.1.05.03.04 - Comunicaciones LTP	2023-02-28	16	Budget
Quito	Legal	2023-02-28	86	Budget
Quito	6.1.05.06 - Arriendo	2023-02-28	1208	Budget
Quito	6.1.05.07.01 - Luz Derama	2023-02-28	62	Budget
Quito	6.1.05.07.02 - Agua	2023-02-28	33	Budget
Quito	6.1.07.01 - Comisión Tarjetas de Crédito	2023-02-28	0	Budget
Quito	61.07.02 - Honorarios	2023-02-28	107	Budget
Quito	6.1.99.01 - Software en USD	2023-02-28	0	Budget
Quito	6.9.1.01.01 - Energía Eléctrica IN	2023-02-28	62	Budget
Quito	6.9.1.02.01 - Agua IN	2023-02-28	33	Budget
Quito	6.9.1.03.01 - Internet IN	2023-02-28	27	Budget
Quito	6.9.2.01 - Arriendo IN	2023-02-28	1208	Budget
Quito	6.9.5.01 - Gastos Adm. General IN	2023-02-28	26567	Budget
Quito	Utilidad_Neta	2023-03-31	49829	Budget
Quito	4.1.01 - Ventas	2023-03-31	449130	Budget
Quito	5.1.01 - Costo de Ventas	2023-03-31	186001	Budget
Quito	5.1.02 - Costo de Fletes/Logística	2023-03-31	400	Budget
Quito	5.1.03 - Garantías	2023-03-31	73	Budget
Quito	6.1.01.01 - Sueldos y Salarios	2023-03-31	93262	Budget
Quito	6.1.01.02 - Comisiones	2023-03-31	118	Budget
Quito	6.1.01.04 - Gasto Personal LTP	2023-03-31	80	Budget
Quito	6.1.02.01 - Décimo Tercero	2023-03-31	7942	Budget
Quito	6.1.02.02 - Horas Extra	2023-03-31	952	Budget
Quito	6.1.02.04 - Vacaciones	2023-03-31	3971	Budget
Quito	6.1.02.05 - Aporte Patronal	2023-03-31	11580	Budget
Quito	6.1.02.06 - Seguro Médico	2023-03-31	1928	Budget
Quito	6.1.02.07 - Atenciones al Personal	2023-03-31	195	Budget
Quito	6.1.02.10 - Cesantía	2023-03-31	834	Budget
Quito	6.1.02.11 - Gasto Beneficios LTP	2023-03-31	16	Budget
Quito	6.1.02.12 - INSS	2023-03-31	25908	Budget
Quito	6.1.02.13 - FGTS	2023-03-31	7461	Budget
Quito	6.1.03.01 - Publicidad	2023-03-31	0	Budget
Quito	6.1.03.04 - Otros Gastos Marketing	2023-03-31	455	Budget
Quito	6.1.03.05 - Gasto Publicidad LTP	2023-03-31	32	Budget
Quito	6.1.04.01 - Pasajes	2023-03-31	5569	Budget
Quito	6.1.04.02 - Hotel	2023-03-31	8139	Budget
Quito	6.1.04.03 - Alimentación	2023-03-31	2895	Budget
Quito	6.1.04.04 - Viáticos	2023-03-31	2159	Budget
Quito	6.1.04.05 - Otros Gastos Viajes	2023-03-31	489	Budget
Quito	6.1.04.06 - Gastos Viajes LTP	2023-03-31	33	Budget
Quito	610406 Pasajes LINK	2023-03-31	5569	Budget
Quito	6.1.05.01 - Renta de Equipo	2023-03-31	142	Budget
Quito	6.1.05.02 - Mantenimiento	2023-03-31	118	Budget
Quito	6.1.05.03.01 - Telefonía Fija	2023-03-31	127	Budget
Quito	6.1.05.03.03 - Internet	2023-03-31	27	Budget
Quito	6.1.05.03.04 - Comunicaciones LTP	2023-03-31	16	Budget
Quito	Legal	2023-03-31	0	Budget
Quito	6.1.05.06 - Arriendo	2023-03-31	1208	Budget
Quito	6.1.05.07.01 - Luz Derama	2023-03-31	62	Budget
Quito	6.1.05.07.02 - Agua	2023-03-31	33	Budget
Quito	6.1.07.01 - Comisión Tarjetas de Crédito	2023-03-31	1039	Budget
Quito	61.07.02 - Honorarios	2023-03-31	107	Budget
Quito	6.1.99.01 - Software en USD	2023-03-31	82	Budget
Quito	6.9.1.01.01 - Energía Eléctrica IN	2023-03-31	62	Budget
Quito	6.9.1.02.01 - Agua IN	2023-03-31	33	Budget
Quito	6.9.1.03.01 - Internet IN	2023-03-31	27	Budget
Quito	6.9.2.01 - Arriendo IN	2023-03-31	1208	Budget
Quito	6.9.5.01 - Gastos Adm. General IN	2023-03-31	28950	Budget
Quito	Utilidad_Neta	2023-04-30	9552	Budget
Quito	4.1.01 - Ventas	2023-04-30	423355	Budget
Quito	5.1.01 - Costo de Ventas	2023-04-30	189504	Budget
Quito	5.1.02 - Costo de Fletes/Logística	2023-04-30	400	Budget
Quito	5.1.03 - Garantías	2023-04-30	73	Budget
Quito	6.1.01.01 - Sueldos y Salarios	2023-04-30	104128	Budget
Quito	6.1.01.02 - Comisiones	2023-04-30	102	Budget
Quito	6.1.01.04 - Gasto Personal LTP	2023-04-30	80	Budget
Quito	6.1.02.01 - Décimo Tercero	2023-04-30	8813	Budget
Quito	6.1.02.02 - Horas Extra	2023-04-30	952	Budget
Quito	6.1.02.04 - Vacaciones	2023-04-30	4406	Budget
Quito	6.1.02.05 - Aporte Patronal	2023-04-30	12849	Budget
Quito	6.1.02.06 - Seguro Médico	2023-04-30	1522	Budget
Quito	6.1.02.07 - Atenciones al Personal	2023-04-30	195	Budget
Quito	6.1.02.10 - Cesantía	2023-04-30	834	Budget
Quito	6.1.02.11 - Gasto Beneficios LTP	2023-04-30	16	Budget
Quito	6.1.02.12 - INSS	2023-04-30	28927	Budget
Quito	6.1.02.13 - FGTS	2023-04-30	8330	Budget
Quito	6.1.03.01 - Publicidad	2023-04-30	0	Budget
Quito	6.1.03.04 - Otros Gastos Marketing	2023-04-30	0	Budget
Quito	6.1.03.05 - Gasto Publicidad LTP	2023-04-30	32	Budget
Quito	6.1.04.01 - Pasajes	2023-04-30	4140	Budget
Quito	6.1.04.02 - Hotel	2023-04-30	7933	Budget
Quito	6.1.04.03 - Alimentación	2023-04-30	1883	Budget
Quito	6.1.04.04 - Viáticos	2023-04-30	1735	Budget
Quito	6.1.04.05 - Otros Gastos Viajes	2023-04-30	908	Budget
Quito	6.1.04.06 - Gastos Viajes LTP	2023-04-30	33	Budget
Quito	610406 Pasajes LINK	2023-04-30	4140	Budget
Quito	6.1.05.01 - Renta de Equipo	2023-04-30	250	Budget
Quito	6.1.05.02 - Mantenimiento	2023-04-30	118	Budget
Quito	6.1.05.03.01 - Telefonía Fija	2023-04-30	127	Budget
Quito	6.1.05.03.03 - Internet	2023-04-30	27	Budget
Quito	6.1.05.03.04 - Comunicaciones LTP	2023-04-30	16	Budget
Quito	Legal	2023-04-30	0	Budget
Quito	6.1.05.06 - Arriendo	2023-04-30	1208	Budget
Quito	6.1.05.07.01 - Luz Derama	2023-04-30	62	Budget
Quito	6.1.05.07.02 - Agua	2023-04-30	33	Budget
Quito	6.1.07.01 - Comisión Tarjetas de Crédito	2023-04-30	0	Budget
Quito	61.07.02 - Honorarios	2023-04-30	207	Budget
Quito	6.1.99.01 - Software en USD	2023-04-30	0	Budget
Quito	6.9.1.01.01 - Energía Eléctrica IN	2023-04-30	62	Budget
Quito	6.9.1.02.01 - Agua IN	2023-04-30	33	Budget
Quito	6.9.1.03.01 - Internet IN	2023-04-30	27	Budget
Quito	6.9.2.01 - Arriendo IN	2023-04-30	1208	Budget
Quito	6.9.5.01 - Gastos Adm. General IN	2023-04-30	28494	Budget
Quito	Utilidad_Neta	2023-05-31	40136	Budget
Quito	4.1.01 - Ventas	2023-05-31	456753	Budget
Quito	5.1.01 - Costo de Ventas	2023-05-31	192340	Budget
Quito	5.1.02 - Costo de Fletes/Logística	2023-05-31	400	Budget
Quito	5.1.03 - Garantías	2023-05-31	73	Budget
Quito	6.1.01.01 - Sueldos y Salarios	2023-05-31	108655	Budget
Quito	6.1.01.02 - Comisiones	2023-05-31	107	Budget
Quito	6.1.01.04 - Gasto Personal LTP	2023-05-31	80	Budget
Quito	6.1.02.01 - Décimo Tercero	2023-05-31	9194	Budget
Quito	6.1.02.02 - Horas Extra	2023-05-31	952	Budget
Quito	6.1.02.04 - Vacaciones	2023-05-31	4597	Budget
Quito	6.1.02.05 - Aporte Patronal	2023-05-31	13405	Budget
Quito	6.1.02.06 - Seguro Médico	2023-05-31	1564	Budget
Quito	6.1.02.07 - Atenciones al Personal	2023-05-31	195	Budget
Quito	6.1.02.10 - Cesantía	2023-05-31	848	Budget
Quito	6.1.02.11 - Gasto Beneficios LTP	2023-05-31	16	Budget
Quito	6.1.02.12 - INSS	2023-05-31	30184	Budget
Quito	6.1.02.13 - FGTS	2023-05-31	8692	Budget
Quito	6.1.03.01 - Publicidad	2023-05-31	0	Budget
Quito	6.1.03.04 - Otros Gastos Marketing	2023-05-31	0	Budget
Quito	6.1.03.05 - Gasto Publicidad LTP	2023-05-31	32	Budget
Quito	6.1.04.01 - Pasajes	2023-05-31	3140	Budget
Quito	6.1.04.02 - Hotel	2023-05-31	2371	Budget
Quito	6.1.04.03 - Alimentación	2023-05-31	1187	Budget
Quito	6.1.04.04 - Viáticos	2023-05-31	762	Budget
Quito	6.1.04.05 - Otros Gastos Viajes	2023-05-31	21	Budget
Quito	6.1.04.06 - Gastos Viajes LTP	2023-05-31	33	Budget
Quito	610406 Pasajes LINK	2023-05-31	3140	Budget
Quito	6.1.05.01 - Renta de Equipo	2023-05-31	250	Budget
Quito	6.1.05.02 - Mantenimiento	2023-05-31	118	Budget
Quito	6.1.05.03.01 - Telefonía Fija	2023-05-31	127	Budget
Quito	6.1.05.03.03 - Internet	2023-05-31	27	Budget
Quito	6.1.05.03.04 - Comunicaciones LTP	2023-05-31	16	Budget
Quito	Legal	2023-05-31	0	Budget
Quito	6.1.05.06 - Arriendo	2023-05-31	1208	Budget
Quito	6.1.05.07.01 - Luz Derama	2023-05-31	62	Budget
Quito	6.1.05.07.02 - Agua	2023-05-31	33	Budget
Quito	6.1.07.01 - Comisión Tarjetas de Crédito	2023-05-31	0	Budget
Quito	61.07.02 - Honorarios	2023-05-31	107	Budget
Quito	6.1.99.01 - Software en USD	2023-05-31	0	Budget
Quito	6.9.1.01.01 - Energía Eléctrica IN	2023-05-31	62	Budget
Quito	6.9.1.02.01 - Agua IN	2023-05-31	33	Budget
Quito	6.9.1.03.01 - Internet IN	2023-05-31	27	Budget
Quito	6.9.2.01 - Arriendo IN	2023-05-31	1208	Budget
Quito	6.9.5.01 - Gastos Adm. General IN	2023-05-31	31352	Budget
Quito	Utilidad_Neta	2023-06-30	55627	Budget
Quito	4.1.01 - Ventas	2023-06-30	479435	Budget
Quito	5.1.01 - Costo de Ventas	2023-06-30	198849	Budget
Quito	5.1.02 - Costo de Fletes/Logística	2023-06-30	400	Budget
Quito	5.1.03 - Garantías	2023-06-30	73	Budget
Quito	6.1.01.01 - Sueldos y Salarios	2023-06-30	108655	Budget
Quito	6.1.01.02 - Comisiones	2023-06-30	123	Budget
Quito	6.1.01.04 - Gasto Personal LTP	2023-06-30	80	Budget
Quito	6.1.02.01 - Décimo Tercero	2023-06-30	9196	Budget
Quito	6.1.02.02 - Horas Extra	2023-06-30	952	Budget
Quito	6.1.02.04 - Vacaciones	2023-06-30	4598	Budget
Quito	6.1.02.05 - Aporte Patronal	2023-06-30	13408	Budget
Quito	6.1.02.06 - Seguro Médico	2023-06-30	1578	Budget
Quito	6.1.02.07 - Atenciones al Personal	2023-06-30	195	Budget
Quito	6.1.02.10 - Cesantía	2023-06-30	887	Budget
Quito	6.1.02.11 - Gasto Beneficios LTP	2023-06-30	16	Budget
Quito	6.1.02.12 - INSS	2023-06-30	30184	Budget
Quito	6.1.02.13 - FGTS	2023-06-30	8692	Budget
Quito	6.1.03.01 - Publicidad	2023-06-30	0	Budget
Quito	6.1.03.04 - Otros Gastos Marketing	2023-06-30	295	Budget
Quito	6.1.03.05 - Gasto Publicidad LTP	2023-06-30	32	Budget
Quito	6.1.04.01 - Pasajes	2023-06-30	3994	Budget
Quito	6.1.04.02 - Hotel	2023-06-30	3449	Budget
Quito	6.1.04.03 - Alimentación	2023-06-30	1322	Budget
Quito	6.1.04.04 - Viáticos	2023-06-30	831	Budget
Quito	6.1.04.05 - Otros Gastos Viajes	2023-06-30	27	Budget
Quito	6.1.04.06 - Gastos Viajes LTP	2023-06-30	33	Budget
Quito	610406 Pasajes LINK	2023-06-30	3994	Budget
Quito	6.1.05.01 - Renta de Equipo	2023-06-30	288	Budget
Quito	6.1.05.02 - Mantenimiento	2023-06-30	118	Budget
Quito	6.1.05.03.01 - Telefonía Fija	2023-06-30	127	Budget
Quito	6.1.05.03.03 - Internet	2023-06-30	27	Budget
Quito	6.1.05.03.04 - Comunicaciones LTP	2023-06-30	16	Budget
Quito	Legal	2023-06-30	0	Budget
Quito	6.1.05.06 - Arriendo	2023-06-30	1208	Budget
Quito	6.1.05.07.01 - Luz Derama	2023-06-30	62	Budget
Quito	6.1.05.07.02 - Agua	2023-06-30	33	Budget
Quito	6.1.07.01 - Comisión Tarjetas de Crédito	2023-06-30	0	Budget
Quito	61.07.02 - Honorarios	2023-06-30	1491	Budget
Quito	6.1.99.01 - Software en USD	2023-06-30	0	Budget
Quito	6.9.1.01.01 - Energía Eléctrica IN	2023-06-30	62	Budget
Quito	6.9.1.02.01 - Agua IN	2023-06-30	33	Budget
Quito	6.9.1.03.01 - Internet IN	2023-06-30	27	Budget
Quito	6.9.2.01 - Arriendo IN	2023-06-30	1208	Budget
Quito	6.9.5.01 - Gastos Adm. General IN	2023-06-30	27246	Budget
Quito	Utilidad_Neta	2023-07-31	46599	Budget
Quito	4.1.01 - Ventas	2023-07-31	456449	Budget
Quito	5.1.01 - Costo de Ventas	2023-07-31	191815	Budget
Quito	5.1.02 - Costo de Fletes/Logística	2023-07-31	400	Budget
Quito	5.1.03 - Garantías	2023-07-31	73	Budget
Quito	6.1.01.01 - Sueldos y Salarios	2023-07-31	108655	Budget
Quito	6.1.01.02 - Comisiones	2023-07-31	101	Budget
Quito	6.1.01.04 - Gasto Personal LTP	2023-07-31	80	Budget
Quito	6.1.02.01 - Décimo Tercero	2023-07-31	9190	Budget
Quito	6.1.02.02 - Horas Extra	2023-07-31	952	Budget
Quito	6.1.02.04 - Vacaciones	2023-07-31	4595	Budget
Quito	6.1.02.05 - Aporte Patronal	2023-07-31	13399	Budget
Quito	6.1.02.06 - Seguro Médico	2023-07-31	1522	Budget
Quito	6.1.02.07 - Atenciones al Personal	2023-07-31	195	Budget
Quito	6.1.02.10 - Cesantía	2023-07-31	847	Budget
Quito	6.1.02.11 - Gasto Beneficios LTP	2023-07-31	16	Budget
Quito	6.1.02.12 - INSS	2023-07-31	30184	Budget
Quito	6.1.02.13 - FGTS	2023-07-31	8692	Budget
Quito	6.1.03.01 - Publicidad	2023-07-31	909	Budget
Quito	6.1.03.04 - Otros Gastos Marketing	2023-07-31	0	Budget
Quito	6.1.03.05 - Gasto Publicidad LTP	2023-07-31	32	Budget
Quito	6.1.04.01 - Pasajes	2023-07-31	2067	Budget
Quito	6.1.04.02 - Hotel	2023-07-31	2312	Budget
Quito	6.1.04.03 - Alimentación	2023-07-31	1106	Budget
Quito	6.1.04.04 - Viáticos	2023-07-31	833	Budget
Quito	6.1.04.05 - Otros Gastos Viajes	2023-07-31	21	Budget
Quito	6.1.04.06 - Gastos Viajes LTP	2023-07-31	33	Budget
Quito	610406 Pasajes LINK	2023-07-31	2067	Budget
Quito	6.1.05.01 - Renta de Equipo	2023-07-31	523	Budget
Quito	6.1.05.02 - Mantenimiento	2023-07-31	118	Budget
Quito	6.1.05.03.01 - Telefonía Fija	2023-07-31	127	Budget
Quito	6.1.05.03.03 - Internet	2023-07-31	27	Budget
Quito	6.1.05.03.04 - Comunicaciones LTP	2023-07-31	16	Budget
Quito	Legal	2023-07-31	0	Budget
Quito	6.1.05.06 - Arriendo	2023-07-31	1208	Budget
Quito	6.1.05.07.01 - Luz Derama	2023-07-31	62	Budget
Quito	6.1.05.07.02 - Agua	2023-07-31	33	Budget
Quito	6.1.07.01 - Comisión Tarjetas de Crédito	2023-07-31	0	Budget
Quito	61.07.02 - Honorarios	2023-07-31	170	Budget
Quito	6.1.99.01 - Software en USD	2023-07-31	0	Budget
Quito	6.9.1.01.01 - Energía Eléctrica IN	2023-07-31	62	Budget
Quito	6.9.1.02.01 - Agua IN	2023-07-31	33	Budget
Quito	6.9.1.03.01 - Internet IN	2023-07-31	27	Budget
Quito	6.9.2.01 - Arriendo IN	2023-07-31	1208	Budget
Quito	6.9.5.01 - Gastos Adm. General IN	2023-07-31	26142	Budget
Quito	Utilidad_Neta	2023-08-31	61313	Budget
Quito	4.1.01 - Ventas	2023-08-31	469288	Budget
Quito	5.1.01 - Costo de Ventas	2023-08-31	195216	Budget
Quito	5.1.02 - Costo de Fletes/Logística	2023-08-31	400	Budget
Quito	5.1.03 - Garantías	2023-08-31	73	Budget
Quito	6.1.01.01 - Sueldos y Salarios	2023-08-31	108655	Budget
Quito	6.1.01.02 - Comisiones	2023-08-31	130	Budget
Quito	6.1.01.04 - Gasto Personal LTP	2023-08-31	80	Budget
Quito	6.1.02.01 - Décimo Tercero	2023-08-31	9192	Budget
Quito	6.1.02.02 - Horas Extra	2023-08-31	952	Budget
Quito	6.1.02.04 - Vacaciones	2023-08-31	4596	Budget
Quito	6.1.02.05 - Aporte Patronal	2023-08-31	13402	Budget
Quito	6.1.02.06 - Seguro Médico	2023-08-31	1522	Budget
Quito	6.1.02.07 - Atenciones al Personal	2023-08-31	195	Budget
Quito	6.1.02.10 - Cesantía	2023-08-31	869	Budget
Quito	6.1.02.11 - Gasto Beneficios LTP	2023-08-31	16	Budget
Quito	6.1.02.12 - INSS	2023-08-31	30184	Budget
Quito	6.1.02.13 - FGTS	2023-08-31	8692	Budget
Quito	6.1.03.01 - Publicidad	2023-08-31	0	Budget
Quito	6.1.03.04 - Otros Gastos Marketing	2023-08-31	0	Budget
Quito	6.1.03.05 - Gasto Publicidad LTP	2023-08-31	32	Budget
Quito	6.1.04.01 - Pasajes	2023-08-31	990	Budget
Quito	6.1.04.02 - Hotel	2023-08-31	724	Budget
Quito	6.1.04.03 - Alimentación	2023-08-31	348	Budget
Quito	6.1.04.04 - Viáticos	2023-08-31	192	Budget
Quito	6.1.04.05 - Otros Gastos Viajes	2023-08-31	0	Budget
Quito	6.1.04.06 - Gastos Viajes LTP	2023-08-31	33	Budget
Quito	610406 Pasajes LINK	2023-08-31	990	Budget
Quito	6.1.05.01 - Renta de Equipo	2023-08-31	0	Budget
Quito	6.1.05.02 - Mantenimiento	2023-08-31	118	Budget
Quito	6.1.05.03.01 - Telefonía Fija	2023-08-31	127	Budget
Quito	6.1.05.03.03 - Internet	2023-08-31	27	Budget
Quito	6.1.05.03.04 - Comunicaciones LTP	2023-08-31	16	Budget
Quito	Legal	2023-08-31	0	Budget
Quito	6.1.05.06 - Arriendo	2023-08-31	1208	Budget
Quito	6.1.05.07.01 - Luz Derama	2023-08-31	62	Budget
Quito	6.1.05.07.02 - Agua	2023-08-31	33	Budget
Quito	6.1.07.01 - Comisión Tarjetas de Crédito	2023-08-31	0	Budget
Quito	61.07.02 - Honorarios	2023-08-31	107	Budget
Quito	6.1.99.01 - Software en USD	2023-08-31	0	Budget
Quito	6.9.1.01.01 - Energía Eléctrica IN	2023-08-31	62	Budget
Quito	6.9.1.02.01 - Agua IN	2023-08-31	33	Budget
Quito	6.9.1.03.01 - Internet IN	2023-08-31	27	Budget
Quito	6.9.2.01 - Arriendo IN	2023-08-31	1208	Budget
Quito	6.9.5.01 - Gastos Adm. General IN	2023-08-31	27464	Budget
Quito	Utilidad_Neta	2023-09-30	73205	Budget
Quito	4.1.01 - Ventas	2023-09-30	495956	Budget
Quito	5.1.01 - Costo de Ventas	2023-09-30	206214	Budget
Quito	5.1.02 - Costo de Fletes/Logística	2023-09-30	400	Budget
Quito	5.1.03 - Garantías	2023-09-30	73	Budget
Quito	6.1.01.01 - Sueldos y Salarios	2023-09-30	108655	Budget
Quito	6.1.01.02 - Comisiones	2023-09-30	161	Budget
Quito	6.1.01.04 - Gasto Personal LTP	2023-09-30	80	Budget
Quito	6.1.02.01 - Décimo Tercero	2023-09-30	9195	Budget
Quito	6.1.02.02 - Horas Extra	2023-09-30	952	Budget
Quito	6.1.02.04 - Vacaciones	2023-09-30	4597	Budget
Quito	6.1.02.05 - Aporte Patronal	2023-09-30	13406	Budget
Quito	6.1.02.06 - Seguro Médico	2023-09-30	1522	Budget
Quito	6.1.02.07 - Atenciones al Personal	2023-09-30	195	Budget
Quito	6.1.02.10 - Cesantía	2023-09-30	923	Budget
Quito	6.1.02.11 - Gasto Beneficios LTP	2023-09-30	16	Budget
Quito	6.1.02.12 - INSS	2023-09-30	30184	Budget
Quito	6.1.02.13 - FGTS	2023-09-30	8692	Budget
Quito	6.1.03.01 - Publicidad	2023-09-30	0	Budget
Quito	6.1.03.04 - Otros Gastos Marketing	2023-09-30	197	Budget
Quito	6.1.03.05 - Gasto Publicidad LTP	2023-09-30	32	Budget
Quito	6.1.04.01 - Pasajes	2023-09-30	1214	Budget
Quito	6.1.04.02 - Hotel	2023-09-30	902	Budget
Quito	6.1.04.03 - Alimentación	2023-09-30	312	Budget
Quito	6.1.04.04 - Viáticos	2023-09-30	184	Budget
Quito	6.1.04.05 - Otros Gastos Viajes	2023-09-30	18	Budget
Quito	6.1.04.06 - Gastos Viajes LTP	2023-09-30	33	Budget
Quito	610406 Pasajes LINK	2023-09-30	1214	Budget
Quito	6.1.05.01 - Renta de Equipo	2023-09-30	393	Budget
Quito	6.1.05.02 - Mantenimiento	2023-09-30	118	Budget
Quito	6.1.05.03.01 - Telefonía Fija	2023-09-30	1832	Budget
Quito	6.1.05.03.03 - Internet	2023-09-30	27	Budget
Quito	6.1.05.03.04 - Comunicaciones LTP	2023-09-30	16	Budget
Quito	Legal	2023-09-30	0	Budget
Quito	6.1.05.06 - Arriendo	2023-09-30	1208	Budget
Quito	6.1.05.07.01 - Luz Derama	2023-09-30	62	Budget
Quito	6.1.05.07.02 - Agua	2023-09-30	33	Budget
Quito	6.1.07.01 - Comisión Tarjetas de Crédito	2023-09-30	0	Budget
Quito	61.07.02 - Honorarios	2023-09-30	107	Budget
Quito	6.1.99.01 - Software en USD	2023-09-30	0	Budget
Quito	6.9.1.01.01 - Energía Eléctrica IN	2023-09-30	62	Budget
Quito	6.9.1.02.01 - Agua IN	2023-09-30	33	Budget
Quito	6.9.1.03.01 - Internet IN	2023-09-30	27	Budget
Quito	6.9.2.01 - Arriendo IN	2023-09-30	1208	Budget
Quito	6.9.5.01 - Gastos Adm. General IN	2023-09-30	28256	Budget
Quito	Utilidad_Neta	2023-10-31	82533	Budget
Quito	4.1.01 - Ventas	2023-10-31	507491	Budget
Quito	5.1.01 - Costo de Ventas	2023-10-31	217020	Budget
Quito	5.1.02 - Costo de Fletes/Logística	2023-10-31	500	Budget
Quito	5.1.03 - Garantías	2023-10-31	73	Budget
Quito	6.1.01.01 - Sueldos y Salarios	2023-10-31	108655	Budget
Quito	6.1.01.02 - Comisiones	2023-10-31	176	Budget
Quito	6.1.01.04 - Gasto Personal LTP	2023-10-31	80	Budget
Quito	6.1.02.01 - Décimo Tercero	2023-10-31	9196	Budget
Quito	6.1.02.02 - Horas Extra	2023-10-31	952	Budget
Quito	6.1.02.04 - Vacaciones	2023-10-31	4598	Budget
Quito	6.1.02.05 - Aporte Patronal	2023-10-31	13408	Budget
Quito	6.1.02.06 - Seguro Médico	2023-10-31	1522	Budget
Quito	6.1.02.07 - Atenciones al Personal	2023-10-31	195	Budget
Quito	6.1.02.10 - Cesantía	2023-10-31	951	Budget
Quito	6.1.02.11 - Gasto Beneficios LTP	2023-10-31	16	Budget
Quito	6.1.02.12 - INSS	2023-10-31	30184	Budget
Quito	6.1.02.13 - FGTS	2023-10-31	8692	Budget
Quito	6.1.03.01 - Publicidad	2023-10-31	0	Budget
Quito	6.1.03.04 - Otros Gastos Marketing	2023-10-31	0	Budget
Quito	6.1.03.05 - Gasto Publicidad LTP	2023-10-31	32	Budget
Quito	6.1.04.01 - Pasajes	2023-10-31	608	Budget
Quito	6.1.04.02 - Hotel	2023-10-31	498	Budget
Quito	6.1.04.03 - Alimentación	2023-10-31	156	Budget
Quito	6.1.04.04 - Viáticos	2023-10-31	92	Budget
Quito	6.1.04.05 - Otros Gastos Viajes	2023-10-31	0	Budget
Quito	6.1.04.06 - Gastos Viajes LTP	2023-10-31	33	Budget
Quito	610406 Pasajes LINK	2023-10-31	608	Budget
Quito	6.1.05.01 - Renta de Equipo	2023-10-31	0	Budget
Quito	6.1.05.02 - Mantenimiento	2023-10-31	118	Budget
Quito	6.1.05.03.01 - Telefonía Fija	2023-10-31	127	Budget
Quito	6.1.05.03.03 - Internet	2023-10-31	27	Budget
Quito	6.1.05.03.04 - Comunicaciones LTP	2023-10-31	16	Budget
Quito	Legal	2023-10-31	0	Budget
Quito	6.1.05.06 - Arriendo	2023-10-31	1208	Budget
Quito	6.1.05.07.01 - Luz Derama	2023-10-31	62	Budget
Quito	6.1.05.07.02 - Agua	2023-10-31	33	Budget
Quito	6.1.07.01 - Comisión Tarjetas de Crédito	2023-10-31	0	Budget
Quito	61.07.02 - Honorarios	2023-10-31	107	Budget
Quito	6.1.99.01 - Software en USD	2023-10-31	0	Budget
Quito	6.9.1.01.01 - Energía Eléctrica IN	2023-10-31	62	Budget
Quito	6.9.1.02.01 - Agua IN	2023-10-31	33	Budget
Quito	6.9.1.03.01 - Internet IN	2023-10-31	27	Budget
Quito	6.9.2.01 - Arriendo IN	2023-10-31	1208	Budget
Quito	6.9.5.01 - Gastos Adm. General IN	2023-10-31	23684	Budget
Quito	Utilidad_Neta	2023-11-30	105596	Budget
Quito	4.1.01 - Ventas	2023-11-30	557190	Budget
Quito	5.1.01 - Costo de Ventas	2023-11-30	232264	Budget
Quito	5.1.02 - Costo de Fletes/Logística	2023-11-30	500	Budget
Quito	5.1.03 - Garantías	2023-11-30	73	Budget
Quito	6.1.01.01 - Sueldos y Salarios	2023-11-30	108655	Budget
Quito	6.1.01.02 - Comisiones	2023-11-30	186	Budget
Quito	6.1.01.04 - Gasto Personal LTP	2023-11-30	80	Budget
Quito	6.1.02.01 - Décimo Tercero	2023-11-30	9197	Budget
Quito	6.1.02.02 - Horas Extra	2023-11-30	952	Budget
Quito	6.1.02.04 - Vacaciones	2023-11-30	4598	Budget
Quito	6.1.02.05 - Aporte Patronal	2023-11-30	13409	Budget
Quito	6.1.02.06 - Seguro Médico	2023-11-30	1522	Budget
Quito	6.1.02.07 - Atenciones al Personal	2023-11-30	195	Budget
Quito	6.1.02.10 - Cesantía	2023-11-30	1037	Budget
Quito	6.1.02.11 - Gasto Beneficios LTP	2023-11-30	16	Budget
Quito	6.1.02.12 - INSS	2023-11-30	30184	Budget
Quito	6.1.02.13 - FGTS	2023-11-30	8692	Budget
Quito	6.1.03.01 - Publicidad	2023-11-30	0	Budget
Quito	6.1.03.04 - Otros Gastos Marketing	2023-11-30	0	Budget
Quito	6.1.03.05 - Gasto Publicidad LTP	2023-11-30	32	Budget
Quito	6.1.04.01 - Pasajes	2023-11-30	0	Budget
Quito	6.1.04.02 - Hotel	2023-11-30	0	Budget
Quito	6.1.04.03 - Alimentación	2023-11-30	0	Budget
Quito	6.1.04.04 - Viáticos	2023-11-30	0	Budget
Quito	6.1.04.05 - Otros Gastos Viajes	2023-11-30	0	Budget
Quito	6.1.04.06 - Gastos Viajes LTP	2023-11-30	33	Budget
Quito	610406 Pasajes LINK	2023-11-30	0	Budget
Quito	6.1.05.01 - Renta de Equipo	2023-11-30	680	Budget
Quito	6.1.05.02 - Mantenimiento	2023-11-30	118	Budget
Quito	6.1.05.03.01 - Telefonía Fija	2023-11-30	311	Budget
Quito	6.1.05.03.03 - Internet	2023-11-30	27	Budget
Quito	6.1.05.03.04 - Comunicaciones LTP	2023-11-30	16	Budget
Quito	Legal	2023-11-30	0	Budget
Quito	6.1.05.06 - Arriendo	2023-11-30	1208	Budget
Quito	6.1.05.07.01 - Luz Derama	2023-11-30	62	Budget
Quito	6.1.05.07.02 - Agua	2023-11-30	33	Budget
Quito	6.1.07.01 - Comisión Tarjetas de Crédito	2023-11-30	0	Budget
Quito	61.07.02 - Honorarios	2023-11-30	107	Budget
Quito	6.1.99.01 - Software en USD	2023-11-30	0	Budget
Quito	6.9.1.01.01 - Energía Eléctrica IN	2023-11-30	62	Budget
Quito	6.9.1.02.01 - Agua IN	2023-11-30	33	Budget
Quito	6.9.1.03.01 - Internet IN	2023-11-30	27	Budget
Quito	6.9.2.01 - Arriendo IN	2023-11-30	1208	Budget
Quito	6.9.5.01 - Gastos Adm. General IN	2023-11-30	36075	Budget
Quito	Utilidad_Neta	2023-12-31	136778	Budget
Quito	4.1.01 - Ventas	2023-12-31	601879	Budget
Quito	5.1.01 - Costo de Ventas	2023-12-31	247744	Budget
Quito	5.1.02 - Costo de Fletes/Logística	2023-12-31	600	Budget
Quito	5.1.03 - Garantías	2023-12-31	73	Budget
Quito	6.1.01.01 - Sueldos y Salarios	2023-12-31	108655	Budget
Quito	6.1.01.02 - Comisiones	2023-12-31	259	Budget
Quito	6.1.01.04 - Gasto Personal LTP	2023-12-31	80	Budget
Quito	6.1.02.01 - Décimo Tercero	2023-12-31	9203	Budget
Quito	6.1.02.02 - Horas Extra	2023-12-31	952	Budget
Quito	6.1.02.04 - Vacaciones	2023-12-31	4601	Budget
Quito	6.1.02.05 - Aporte Patronal	2023-12-31	13418	Budget
Quito	6.1.02.06 - Seguro Médico	2023-12-31	1522	Budget
Quito	6.1.02.07 - Atenciones al Personal	2023-12-31	195	Budget
Quito	6.1.02.10 - Cesantía	2023-12-31	1132	Budget
Quito	6.1.02.11 - Gasto Beneficios LTP	2023-12-31	16	Budget
Quito	6.1.02.12 - INSS	2023-12-31	30184	Budget
Quito	6.1.02.13 - FGTS	2023-12-31	8692	Budget
Quito	6.1.03.01 - Publicidad	2023-12-31	0	Budget
Quito	6.1.03.04 - Otros Gastos Marketing	2023-12-31	0	Budget
Quito	6.1.03.05 - Gasto Publicidad LTP	2023-12-31	32	Budget
Quito	6.1.04.01 - Pasajes	2023-12-31	1212	Budget
Quito	6.1.04.02 - Hotel	2023-12-31	963	Budget
Quito	6.1.04.03 - Alimentación	2023-12-31	351	Budget
Quito	6.1.04.04 - Viáticos	2023-12-31	207	Budget
Quito	6.1.04.05 - Otros Gastos Viajes	2023-12-31	27	Budget
Quito	6.1.04.06 - Gastos Viajes LTP	2023-12-31	33	Budget
Quito	610406 Pasajes LINK	2023-12-31	1212	Budget
Quito	6.1.05.01 - Renta de Equipo	2023-12-31	0	Budget
Quito	6.1.05.02 - Mantenimiento	2023-12-31	118	Budget
Quito	6.1.05.03.01 - Telefonía Fija	2023-12-31	127	Budget
Quito	6.1.05.03.03 - Internet	2023-12-31	27	Budget
Quito	6.1.05.03.04 - Comunicaciones LTP	2023-12-31	16	Budget
Quito	Legal	2023-12-31	0	Budget
Quito	6.1.05.06 - Arriendo	2023-12-31	1208	Budget
Quito	6.1.05.07.01 - Luz Derama	2023-12-31	62	Budget
Quito	6.1.05.07.02 - Agua	2023-12-31	33	Budget
Quito	6.1.07.01 - Comisión Tarjetas de Crédito	2023-12-31	0	Budget
Quito	61.07.02 - Honorarios	2023-12-31	107	Budget
Quito	6.1.99.01 - Software en USD	2023-12-31	0	Budget
Quito	6.9.1.01.01 - Energía Eléctrica IN	2023-12-31	62	Budget
Quito	6.9.1.02.01 - Agua IN	2023-12-31	33	Budget
Quito	6.9.1.03.01 - Internet IN	2023-12-31	27	Budget
Quito	6.9.2.01 - Arriendo IN	2023-12-31	1208	Budget
Quito	6.9.5.01 - Gastos Adm. General IN	2023-12-31	30709	Budget
